9:56:30,1,1,1,1,2,1,3,0,4,0,5,1
9:57:11,2,1,6,1,7,0,8,0,9,1,12,0
9:57:22,3,1,13,1,11,1,14,1
9:57:53,4,1,15,0,10,1,16,1,19,0
9:58:18,5,1,20,1,18,1,23,1,17,1
9:58:29,6,1,24,1,22,0,25,0
9:58:58,7,1,26,1,28,1,30,1
9:59:40,8,1,31,1,29,0,33,1,34,1,37,1
10:0:11,9,1,38,1,35,0,40,1,42,1
10:0:40,10,1,43,1,39,0,44,0,45,1,47,1
10:0:56,11,1,48,1,46,0,49,1
10:1:16,12,1,50,0,32,0,52,1,53,1
10:1:48,13,1,54,0,51,0,55,1,57,1,58,1
10:1:58,14,1,59,0,56,0,60,1
10:2:24,15,1,61,1,27,0,62,0,63,1,64,1
10:2:51,16,1,66,1,67,1,69,1
10:3:23,17,1,70,1,68,0,71,1,73,1,74,1
10:3:42,18,1,75,0,76,1,77,1
10:4:17,19,1,78,0,80,1,81,1,83,1
10:5:8,20,1,85,0,79,0,88,0,72,0,91,0
10:5:30,21,1,92,0,90,1,93,1,65,0,95,0
10:5:57,22,0,96,0,94,1,97,1,89,1,98,0,right amount, wrong parts (OK=4, NG=1)
10:6:4,23,1,99,1,87,1,101,0
10:6:17,24,1,102,1,21,0,103,0
10:6:28,25,1,104,1,100,1,105,0
10:6:52,26,1,106,0,86,1,107,1,109,0
10:7:4,27,1,110,1,108,1,111,1
10:7:40,28,1,112,1,1,1,113,0,114,1,117,0
10:8:0,29,1,118,1,116,1,120,0
10:9:12,30,1,121,1,124,0,125,0,128,0,132,0
10:9:34,31,1,133,1,131,1,136,0
10:10:4,32,1,137,1,135,1,138,1,139,0,141,0
10:10:34,33,1,142,1,140,1,143,1,134,1,146,0
10:10:56,34,1,147,1,145,1,149,0,150,0
10:11:51,35,1,151,1,148,1,152,1,154,0,159,0
10:12:31,36,1,160,1,153,1,161,1,144,1,165,0
10:13:16,37,1,166,1,163,1,167,1,168,0,173,0
10:14:35,38,1,174,1,176,0,184,0,186,0
10:15:15,39,0,187,1,169,1,190,0,191,0,right amount, wrong parts (OK=3, NG=1)
10:15:25,40,1,193,1,188,1,194,1,162,1
10:15:37,41,1,195,1,130,1,196,0,129,1
10:15:49,42,1,197,1,127,1,198,1,192,0
10:16:9,43,1,199,0,126,1,200,1,202,0
10:16:21,44,1,203,1,201,1,204,1
10:16:35,45,1,205,1,123,1,206,0,122,1
10:16:53,46,1,207,0,119,1,209,1,115,1
10:17:42,47,0,211,1,212,1,213,1,215,1,too many parts (OK=4, NG=1)
10:17:57,48,1,216,0,214,0,217,1,210,0,218,1
10:18:22,49,1,219,0,220,1,221,1,222,1,223,1
10:18:38,50,1,224,0,208,0,225,1,226,1
10:19:11,51,1,227,0,0,0,228,1,230,1,231,1
10:19:34,52,1,232,1,233,1,234,0,235,1
10:20:10,53,1,236,0,237,1,238,1,240,1,241,1
10:20:33,54,1,242,0,243,1,244,1,245,1
10:21:0,55,1,246,0,239,0,247,1,249,1
10:21:33,56,1,250,1,251,1,252,1,253,1,255,1
10:22:8,57,1,257,1,260,1,261,1
10:22:40,58,1,262,0,263,1,265,1,266,1
10:22:52,59,1,267,1,264,0,268,1
10:23:13,60,1,269,0,256,0,270,1,254,0,271,1
10:23:37,61,1,273,1,274,1,276,1
10:23:58,62,1,277,0,275,0,278,1,272,0,279,1
10:24:32,63,1,280,0,248,0,285,0
10:24:48,64,1,286,1,284,1,287,1,283,1
10:25:4,65,1,288,0,282,1,290,1
10:25:40,66,1,291,1,281,1,295,1,296,1
10:26:9,67,1,298,1,299,1,301,1
10:26:32,68,1,302,1,294,0,304,1,305,1
10:26:59,69,1,306,0,303,0,308,1,309,1
10:27:21,70,1,310,0,307,0,311,1,312,1,313,1
10:27:48,71,1,315,1,316,1,317,1
10:28:17,72,1,318,0,320,1,321,1
10:28:21,73,1,322,1,314,0,323,0
10:29:5,74,1,1,0,293,0,327,0,292,0,330,0
10:29:40,75,1,331,1,329,1,333,0,289,0,335,0
10:29:54,76,1,337,0,256,1,338,1
10:31:46,77,1,340,1,334,1,341,1,332,1,256,1
10:33:36,7879,1,343,0,345,1,346,1,347,1
10:34:8,80,1,348,1,344,0,351,1,352,1
10:34:41,81,1,354,1,355,1,357,1,358,1
10:35:0,82,1,359,0,360,1,361,1
10:35:24,83,1,362,1,356,0,364,1,365,1
10:36:12,84,1,367,1,368,1,371,1,372,1,373,1
10:36:41,85,1,374,0,375,1,378,1
10:37:15,86,1,380,0,363,0,383,0,353,0
10:37:37,87,1,385,1,382,1,386,1,381,1,387,1
10:38:2,88,1,389,1,379,1,391,1
10:38:31,89,1,392,1,395,1,396,1
10:38:53,90,1,397,1,388,0,398,0,384,0,399,1
10:39:37,91,1,402,0,350,0,405,0,349,0,407,0
10:40:28,92,1,408,1,406,1,410,0,411,0,415,0
10:40:42,93,1,416,1,414,1,417,1,418,0
10:41:12,94,1,419,1,413,1,423,0
10:42:4,95,1,424,0,422,1,425,1,427,0,430,0
10:42:14,96,1,431,1,428,1,432,1,433,0
10:42:55,97,1,0,1,436,0,440,0
10:43:7,98,1,441,0,435,1,442,1
10:44:14,99,1,443,1,426,1,444,0,449,0,453,0
10:44:36,100,1,454,1,446,1,455,1,445,1,457,1
10:44:56,101,1,458,1,421,1,459,1,456,0,460,0
10:45:24,102,1,461,1,420,1,465,0
10:45:50,103,1,468,1,464,1,469,1
10:46:31,104,1,471,0,467,0,472,0,466,0,476,0
10:46:52,105,0,477,0,473,1,478,1,0,1,right amount, wrong parts (OK=4, NG=0)
10:46:59,106,1,479,1,463,1,480,0
10:47:26,107,1,481,1,462,1,485,0
10:48:7,108,1,486,1,484,1,487,0,490,0,492,0
10:48:24,109,1,493,1,489,1,494,1,495,0
10:48:41,110,1,496,1,488,1,256,1,497,0
10:48:53,111,1,499,1,483,1,500,0
10:49:56,112,1,501,0,482,1,506,0,509,0,510,0
10:50:27,113,1,511,1,505,1,512,0,504,1,515,1
10:50:41,114,1,516,1,503,1,517,0,502,1,518,1
10:50:57,115,1,519,1,412,1,520,0,409,1
10:51:30,116,1,521,0,404,1,525,0
10:52:15,117,1,526,1,524,1,527,1,514,0,528,0
10:52:32,118,1,529,0,523,1,530,1
10:52:43,119,1,531,1,522,1,532,0
10:53:1,120,1,533,1,403,1,535,1
10:53:17,121,1,536,1,401,1,537,0,1,1
10:53:28,122,1,538,1,534,0,539,1,513,0
10:53:50,123,1,540,0,541,1,543,1
10:54:37,124,1,546,1,547,1,548,1,551,1
10:54:56,125,1,552,1,549,0,554,1
10:55:19,126,1,555,1,557,1,558,1
10:55:51,127,1,559,0,553,0,560,1,561,1,562,1
10:56:4,128,1,563,0,545,0,564,1,565,1
10:56:27,129,1,566,0,567,1,569,1
10:56:42,130,1,570,1,568,0,571,1,544,0
10:57:33,131,0,572,0,542,0,573,0,574,1,577,1,right amount, wrong parts (OK=3, NG=2)
10:58:26,132,1,578,0,579,1,581,1,512,1
11:1:53,133134,1,585,0,586,0,590,0
11:2:8,135,1,591,0,589,1,592,1,588,1,593,1
11:2:21,136,1,594,1,587,1,595,1
11:2:38,137,1,597,1,584,1,598,1
11:2:56,138,1,599,0,583,1,600,1,601,1
11:3:25,139,1,602,0,596,0,603,1,604,1,605,1
11:4:27,140,1,606,1,607,0,609,1,611,1,612,1
11:6:18,141142,1,613,1,614,0,615,1
11:7:0,143,1,616,1,618,1,619,1,620,1,622,1
11:7:29,144,1,624,1,626,1,627,1
11:7:41,145,1,628,1,625,0,629,1
11:8:13,146,1,630,0,631,1,634,1
11:16:52,147,1,635,1,632,0,636,0,637,1
11:17:10,148,1,638,1,623,0,639,1
11:17:27,149,1,640,1,641,0,642,1,643,1
11:18:11,150,1,644,0,645,1,646,1,649,1,650,1
11:18:33,151,1,651,1,648,0,653,1,654,1
11:19:5,152,1,655,0,656,1,659,1
11:19:36,153,1,660,1,658,0,662,1,663,1,664,1
11:20:7,154,1,666,1,668,1,669,1,670,1
11:20:35,155,1,671,0,661,0,673,1
11:21:39,156,1,675,1,679,1,680,1
11:22:0,157,1,681,0,672,0,682,1,657,0,683,1
11:22:34,158,1,684,1,652,0,685,1,647,0,689,0
11:23:25,159,1,690,0,694,0,696,0
11:23:29,160,1,697,1,695,1,698,0
11:23:58,161,1,699,1,701,0,703,0
11:24:16,162,1,704,1,702,1,705,0,706,0
11:24:42,163,1,707,1,700,1,708,1,693,1,710,0
11:25:13,164,1,711,1,709,1,712,1,714,0,715,0
11:25:46,165,0,0,1,713,1,718,0,719,0,right amount, wrong parts (OK=3, NG=1)
11:26:4,166,1,721,0,723,0,724,0
11:26:25,167,1,725,0,722,1,727,1,720,1
11:26:40,168,1,728,0,716,1,730,1
11:26:52,169,1,731,1,729,0,732,0
11:27:17,170,1,733,1,692,1,734,0,691,1,735,1
11:27:26,171,1,736,0,688,1,737,1
11:29:19,172,1,738,1,687,1,740,0
11:30:0,173,0,741,0,739,1,742,1,726,0,745,0,right amount, wrong parts (OK=3, NG=2)
11:30:8,174,1,746,1,744,1,747,0,743,1
11:30:21,175,0,748,1,686,1,749,0,too few parts (OK=2, NG=0)
11:30:45,176,1,750,1,751,0,752,1,753,1,754,1
11:31:2,177,1,755,1,756,0,757,1
11:31:57,178,1,758,1,759,0,760,1,512,1
11:34:15,179180,1,762,1,766,1,767,1,769,1,771,1
11:35:7,181,1,772,1,768,0,773,1
11:39:5,182183,1,775,1,776,1,777,1,779,1
11:39:47,184,1,780,1,778,0,782,1,785,1,786,1
11:40:11,185,1,787,1,784,0,790,1
11:40:22,186,1,791,1,788,0,792,1
11:40:41,187,1,0,0,793,1,795,1
11:41:3,188,1,796,1,797,1,799,1
11:41:28,189,1,800,1,798,0,802,1,803,1
11:42:9,190,1,805,1,807,1,809,1,810,1
11:42:51,191,1,811,0,812,1,814,1,815,1,817,1
11:44:8,192,0,818,1,801,0,819,1,768,1,823,1,too many parts (OK=4, NG=2)
11:44:18,193,1,824,1,820,0,826,1,827,1
11:44:21,194,1,828,1,825,0,829,1
11:44:34,195,1,830,0,783,0,831,1,781,0,832,1
11:45:3,196,0,833,0,774,0,835,1,836,1,right amount, wrong parts (OK=3, NG=1)
11:45:22,197,1,837,0,838,1,839,1,840,1
11:46:9,198,1,841,0,843,1,846,1,847,1,848,1
11:46:52,199,1,851,1,852,1,854,1,855,1
11:47:21,200,1,856,1,845,0,857,1,859,1,860,1
11:48:15,201,1,861,1,862,1,865,1,867,1,869,1
11:48:29,202,1,870,1,858,0,871,1
11:48:46,203,1,872,0,844,0,873,1,874,1
11:49:16,204,1,877,1,878,1,879,1
11:49:42,205,1,880,0,876,0,881,1,883,1
11:50:12,206,1,885,1,886,1,887,1
11:50:40,207,0,888,1,882,0,890,1,892,1,too few parts (OK=2, NG=1)
11:50:52,208,1,893,1,889,0,894,0,875,0,895,0
11:51:21,209,1,896,1,842,0,897,1,899,1,900,1
11:51:52,210,1,901,1,898,0,903,1,904,1,905,1
11:52:40,211,1,908,1,909,1,911,1,913,1
11:52:57,212,1,914,1,907,0,916,0
11:53:21,213,1,917,0,915,1,918,1,906,0,920,0
11:53:53,214,1,921,1,919,1,923,0,902,0,925,0
11:54:7,215,1,926,1,924,1,927,0,922,1
11:55:3,216,0,928,0,929,1,930,1,932,1,934,1,too many parts (OK=4, NG=2)
11:55:38,217,1,935,0,933,0,936,1,937,1,768,1
11:59:15,218219,1,941,1,942,1,943,0,944,1,945,1
11:59:33,220,1,946,1,947,0,948,1
12:0:10,221,1,949,1,950,0,951,1,952,1,954,1
12:0:42,222,1,955,1,956,1,958,1,959,1
12:1:5,223,1,960,1,957,0,961,1,963,1
12:1:27,224,1,964,0,962,0,965,1,966,1,967,1
12:1:49,225,1,968,1,953,0,969,0,970,1
12:2:14,226,1,971,1,972,0,973,0,974,1,975,1
12:2:46,227,1,976,1,977,0,978,1,979,1,980,1
12:3:28,228,1,981,0,982,0,983,1,987,0
12:4:4,229,1,988,1,986,1,989,1,991,0,993,0
12:4:57,230,1,994,1,1000,0,1002,0
12:5:23,231,1,1003,1,1001,1,1006,0
12:5:33,232,1,1007,1,1004,1,1008,0
12:5:50,233,1,1009,1,999,1,1010,0,998,1,1011,1
12:6:10,234,1,1012,1,997,1,1014,1
12:6:40,235,0,1015,1,996,1,1016,0,995,1,1017,1,right amount, wrong parts (OK=3, NG=2)
12:6:57,236,1,1018,1,992,1,1020,1,990,1
12:7:11,237,1,1021,1,985,1,1024,1,984,1
12:7:26,238,1,1025,1,1023,0,1026,1
12:7:55,239,1,1028,1,1029,1,1031,1
12:8:37,240,1,1032,0,1035,1,1036,1,1037,1,1038,1
12:9:19,241,1,1040,1,1044,1,1045,1
12:9:49,242,1,1046,1,1027,0,1047,1,1049,1,1050,1
12:10:26,243,1,1051,0,1048,0,1052,1,1053,1,1056,1
12:11:33,244,1,1061,0,1054,0,1065,0
12:15:10,245246,1,1066,1,1068,1,1069,1,1070,1
12:15:33,247,1,1071,0,1073,1,1074,1
12:15:53,248,1,1075,1,1072,0,1076,0,1067,0,1077,1
12:16:20,249,1,1079,1,1080,1,1082,1
12:16:36,250,1,1083,0,1081,0,1084,1,1078,0
12:17:42,251,1,1086,1,1087,1,1090,1,1091,1,1093,1
12:18:21,252,1,1094,1,1096,1,1099,1,1100,1
12:18:53,253,1,1101,0,1102,1,1105,1
12:19:29,254,1,1107,1,1108,1,1111,1
12:19:43,255,1,1112,1,1092,0,1113,1
12:20:22,256,1,1116,1,1117,1,1119,1,1120,1
12:20:47,257,1,1121,1,1114,0,1122,1,1124,1
12:21:29,258,1,1125,1,1123,0,1127,1,1130,1,1131,1
12:21:56,259,1,1132,0,1126,0,1133,0,1134,1,1135,1
12:22:11,260,1,1136,1,1089,0,1138,1
12:22:31,261,1,1139,1,1137,0,1141,1
12:22:48,262,1,1142,0,1143,1,1144,1
12:23:5,263,1,1145,1,1140,0,1147,1
12:23:41,264,1,1148,1,1146,0,1149,0,1088,0,1153,0
12:23:54,265,1,1154,1,1152,1,1155,1
12:24:13,266,1,1156,1,1151,1,1158,0,1085,0
12:24:28,267,1,1159,1,1157,1,1161,1
12:24:46,268,1,1162,1,1150,1,1163,0,1164,1
12:25:0,269,1,1165,0,1160,0,1166,1
12:25:29,270,1,1167,1,1168,0,1170,1,1171,1
12:26:22,271,1,1174,1,1176,1,1024,1,1179,1,1180,1
12:26:49,272,1,1181,0,1182,1,1184,1
12:27:17,273,1,1185,0,1186,1,1187,1,1189,1
12:28:11,274,1,1190,1,1193,1,1194,1,1195,1,1198,1
12:28:28,275,1,1199,1,1175,0,1200,0,1201,1
12:28:52,276,1,1202,1,1173,0,1203,0,1204,1,1205,1
12:29:16,277,1,1206,0,1172,0,1207,1,1209,1
12:29:42,278,1,1210,1,1212,1,1213,1
12:30:11,279,0,1214,1,1211,0,1216,1,1217,1,too few parts (OK=3, NG=0)
12:30:27,280,1,1218,0,1219,1,1220,1,1221,1
12:30:53,281,0,1222,0,1215,0,1223,0,1208,0,1224,1,right amount, wrong parts (OK=2, NG=3)
12:30:57,282,1,1225,1,1169,0,1226,1
12:31:32,283,0,1227,0,1228,0,1229,1,1230,1,1231,0,too few parts (OK=2, NG=2)
12:31:52,284,1,1232,1,1233,1,1234,1,1235,0
12:32:26,285,1,1236,1,1238,0,1241,0
12:32:39,286,1,1242,1,1240,1,1243,0
12:32:54,287,1,1244,1,1239,1,1245,1,1237,1
12:33:9,288,1,1246,1,1247,1,1248,0
12:33:34,289,1,1249,1,1250,1,1252,1
12:34:3,290,1,1253,1,1251,0,1256,1,1257,1
12:34:30,291,1,1258,1,1255,0,1259,1,1261,1
12:35:33,292,1,1262,1,1260,0,1263,0,1254,0,1264,1
12:37:48,293294,1,1265,1,1266,1,1269,1,1270,1
12:38:6,295,1,1271,0,1268,0,1272,1,1273,1
12:38:32,296,1,1274,0,1267,0,1275,0,1276,1,1277,0
12:38:53,297,1,1278,1,1279,1,1280,0,1281,1
12:39:17,298,1,1283,1,1284,1,1285,1
12:39:35,299,1,1286,0,1282,0,1287,1,1288,1
12:40:6,300,1,1291,1,1292,1,1293,1
12:40:41,301,1,1294,1,1290,0,1296,1,1297,1,1299,1
12:41:8,302,1,1300,1,1298,0,1303,1
12:41:25,303,1,1304,1,1302,0,1305,1,1306,1
12:41:57,304,1,1308,1,1310,1,1311,1
12:42:29,305,1,1314,1,1316,1,1317,1
12:43:8,306,1,1318,0,1307,0,1319,1,1322,1,1323,1
12:43:36,307,1,1324,0,1325,1,1327,1,1328,1
12:44:24,308,1,1330,1,1331,1,1333,1,1336,1
12:44:52,309,1,1337,1,1339,1,1341,1
12:45:13,310,1,1342,1,1320,0,1344,0
12:45:36,311,1,1345,1,1343,1,1346,1,1348,1
12:45:53,312,1,1349,1,1347,0,1350,1
12:46:5,313,1,1351,1,1301,0,1352,1,1353,1
12:46:54,314,1,1356,1,1357,1,1358,1,1360,1
12:47:11,315,1,1361,0,1355,0,1363,1,1364,1
12:47:29,316,1,1365,1,1362,0,1366,1,1354,0,1367,1
12:47:48,317,1,1368,1,1295,0,1370,1
12:48:10,318,1,1371,1,1373,1,1374,1
12:48:40,319,1,1375,0,1378,1,1379,1
12:48:58,320,1,1380,1,1376,0,1382,1
12:49:35,321,1,1383,1,1384,1,1385,1,1387,1,1388,1
12:50:4,322,1,1389,1,1381,0,1390,0,1391,1,1392,1
12:50:14,323,1,1393,1,1372,0,1394,0,1369,0
12:50:41,324,1,1395,1,1289,0,1396,1,1399,0
12:51:36,325,1,1400,1,1398,1,1401,1,1406,0,1408,0
12:52:5,326,1,1409,1,1407,1,1410,1,1405,1,1413,0
12:53:11,327,1,1414,1,1418,0,1421,0,1424,0
12:53:23,328,1,1425,1,1419,1,1426,0
12:53:41,329,1,1427,1,1417,1,1429,1
12:54:7,330,1,1430,0,1416,1,1433,1,1415,1
12:54:40,331,0,1434,0,1412,1,1435,1,1411,1,1437,1,too many parts (OK=5, NG=1)
12:55:13,332,1,1438,1,1404,1,1439,0,1403,1,1443,0
12:55:26,333,1,1444,1,1442,1,1445,0,1441,1
12:55:42,334,1,1446,1,1440,1,1448,0
12:55:57,335,1,1449,1,1447,1,1280,0,1402,1
13:1:22,336337,1,1452,0,1453,1,1454,0,1455,1
13:1:40,338,1,1456,0,1457,1,1458,1
13:2:11,339,1,1459,0,1460,0,1463,0
13:2:47,340,1,1464,1,1466,0,1280,0
13:7:43,341342,1,1482,1,1484,0,1486,0
13:8:0,343,1,1487,0,1485,1,1488,1,1489,0
13:8:24,344,1,1490,1,1483,1,1493,0
13:8:39,345,1,1494,0,1492,1,1495,1,1491,1
13:9:6,346,1,1496,1,1497,0,1498,1,1500,0
13:10:34,347,1,1501,1,1503,0,1506,0,1507,0,1510,0
13:10:38,348,1,1511,1,1509,1,1512,1,1508,1,1513,1
13:11:5,349,1,1514,0,1517,0,1520,0
13:37:4,350351,0,1525,1,1526,0,1530,0,1532,0,right amount, wrong parts (OK=2, NG=2)
13:37:18,352,1,1533,0,1531,1,1534,1,1529,1,1536,0
13:38:21,353,1,1537,1,1538,0,1541,0,1543,0
13:38:36,354,1,1544,1,1542,1,1545,0,1540,1
13:38:51,355,1,1546,1,1539,1,1547,1,1535,1,1548,0
13:39:27,356,1,1549,1,1528,1,1551,0,1554,0
13:39:44,357,1,1555,1,1553,1,1556,1,1557,0
13:40:5,358,1,1558,0,1552,1,1559,1,1550,1,1560,0
13:40:37,359,1,1561,1,1527,1,1563,0,1566,0
13:40:54,360,1,1567,0,1565,1,1568,1,1564,1
13:41:9,361,1,1569,1,1562,1,1570,0,1571,1
13:41:42,362,0,1572,1,1573,0,1575,0,right amount, wrong parts (OK=2, NG=1)
13:41:45,363,1,1576,0,1574,1,1577,1
13:42:44,364,1,1579,0,1584,0,1587,0
13:43:36,365,1,1588,0,1586,1,1592,0,1595,0
13:44:5,366,1,1596,0,1593,1,1599,0
13:44:15,367,1,1601,1,1597,1,1602,1
13:45:28,368,1,1604,0,1608,0,1609,0,1536,0,1614,0
13:45:46,369,1,1615,0,1,1,1616,1,1591,1,1617,0
13:46:7,370,1,1618,1,1590,1,1621,0
13:46:25,371,1,1622,0,1620,1,1623,1,1619,1
13:46:34,372,1,1624,1,1589,1,1625,1,1585,1
13:47:32,373,0,1626,0,1583,1,1627,0,1632,0,too many parts (OK=2, NG=3)
13:48:32,374,1,1635,0,1638,0,1641,0,1644,0
13:48:50,375,1,1645,1,1634,1,1646,1,1647,0
13:49:25,376,1,1648,1,1649,0,1652,0
13:49:37,377,1,1653,1,1650,1,1654,1,1655,0
13:50:14,378,1,1656,1,0,1,1658,0,1661,0
13:50:37,379,1,1662,1,1659,1,1664,1,1657,1
14:3:37,380,1,1665,1,1631,1,1666,0,1630,1,1669,0
14:3:53,381,1,1670,1,1668,1,1672,1
14:10:55,382,1,1673,1,1667,1,1677,1
14:11:25,383,1,1678,0,1679,1,1680,1,1682,1
14:11:42,384,1,1683,1,1681,0,1685,1
14:12:1,385,1,1686,1,1684,0,1687,0,1688,1
14:12:25,386,1,1689,1,1690,0,1691,1,1692,1
14:13:14,387,0,1693,0,1694,1,1696,0,1698,0,1699,0,too few parts (OK=1, NG=3)
14:13:21,388,1,1700,0,1697,1,1701,1
14:13:37,389,1,1702,1,1695,1,1703,0,1704,1
14:14:27,390,1,1705,0,1706,1,1707,0,1708,0,1712,0
14:15:2,391,1,1713,1,1715,0,1718,0
14:15:14,392,1,1719,1,1717,1,1720,1,1716,1
14:15:59,393,1,1721,0,1714,1,1724,0
14:18:15,394395,1,1725,0,1726,1,1727,0,1729,1
14:18:31,396,1,1730,1,1731,1,1732,1
14:18:56,397,1,1733,0,1728,0,1734,1,1735,1,1736,1
14:19:33,398,1,1737,0,1738,0,1739,1,1740,1,1742,1
14:20:22,399,1,1743,1,1741,0,1536,1,1744,0,1750,0
14:21:21,400,1,1751,1,1754,0,1758,0,1759,0,1760,0
14:21:44,401,1,1761,1,1757,1,1762,1,1756,1,1764,0
14:22:8,402,1,1765,1,1767,0,1768,0
14:22:34,403,1,1769,0,1766,1,1770,0
14:22:37,404,1,1771,0,1763,1,1772,1,1755,1
14:22:55,405,1,1773,1,1753,1,1774,1,1776,0
14:23:9,406,1,1777,0,1775,1,1778,1
14:23:26,407,1,1779,1,1752,1,1780,0,1749,1
14:23:42,408,1,1781,1,1748,1,1783,1,1747,1,1784,1
14:24:13,409,1,1785,1,1746,1,1786,0,1788,1,1789,1
14:24:32,410,1,1790,1,1787,0,1792,1
14:24:59,411,0,1793,1,1791,0,1795,0,1782,0,too few parts (OK=1, NG=2)
14:25:31,412,1,1796,1,1794,1,1797,1,1801,1,1802,1
14:25:55,413,1,1803,1,1800,0,1806,0
14:26:11,414,1,1807,1,1799,0,1808,0,1798,0
14:26:22,415,1,1809,0,1805,1,1810,1
14:27:9,416,1,1,0,1812,0,1814,0,1816,0,1818,0
14:27:59,417,1,1819,1,1821,0,1823,0
14:30:29,418419,1,1824,1,1825,0,1826,1,1827,1,1830,0
14:31:0,420,1,1831,1,1829,1,1832,0,1828,1,1835,1
14:36:39,421,1,1836,1,1834,0,1837,1,1839,1,1842,1
14:37:16,422,1,1843,0,1841,0,1844,1,1845,1,1848,1
14:37:50,423,1,1849,1,1847,0,1850,1,1854,1
14:38:18,424,1,1855,1,1852,0,1859,1
14:38:50,425,1,1860,1,1856,0,1861,0,1862,1,1864,1
14:39:34,426,1,1865,1,1863,0,1866,1,1869,1,1871,1
14:40:9,427,1,1872,0,1873,1,1877,1
14:40:33,428,1,1878,0,1867,0,1879,1,1851,0,1881,1
14:41:15,429,1,1882,0,1880,0,1883,1,1887,1,1888,1
14:41:59,430,1,1889,1,1885,0,1890,1,1884,0,1894,0
14:44:9,431432,1,1895,1,1896,0,1898,1
14:44:40,433,1,1899,1,1897,0,1902,1,1903,1
14:45:8,434,1,1905,1,1906,1,1907,1,1908,1
14:45:43,435,1,1909,0,1904,0,1910,1,1911,1,1912,1
14:46:39,436,0,1913,0,1901,0,1914,1,1919,1,1920,1,too few parts (OK=3, NG=1)
14:46:50,437,0,1922,1,1917,0,1923,0,right amount, wrong parts (OK=1, NG=2)
14:47:14,438,1,1926,1,1927,1,1929,1
14:47:41,439,1,1930,1,1924,0,1931,1,1932,1,1933,1
14:47:55,440,1,1934,1,1935,1,1936,1
14:48:30,441,1,1938,1,1941,1,1942,1
14:49:1,442,1,1943,1,1945,1,1946,1,1947,1
14:49:31,443,1,1948,1,1937,0,1949,0,1916,0
14:51:56,444445,1,1950,1,1951,0,1952,1,1954,1
14:52:23,446,1,1955,1,1953,0,1956,0,1957,1,1958,1
14:52:44,447,1,1959,0,1960,0,1961,1
14:53:2,448,1,1962,1,1963,0,1964,1,1965,1
14:53:31,449,1,1966,0,1967,1,1970,0
14:53:51,450,1,1971,0,1969,1,1972,1,1968,1,1973,1
14:55:39,451,1,1981,0,1982,0,1984,0,1987,0,1991,0
14:55:55,452,1,1992,1,1986,1,1994,0
14:56:23,453,1,1995,0,1993,1,1996,1,1997,0
14:58:49,454455,1,1998,0,1999,1,2000,1,2002,0,2003,0
14:59:14,456,1,2004,1,2001,1,2005,1,2007,0
14:59:45,457,0,2009,0,1792,1,2010,1,2006,1,2012,0,right amount, wrong parts (OK=2, NG=3)
15:0:13,458,1,2013,0,2011,1,2014,0,2018,1
15:0:31,459,1,2019,1,2017,0,2021,1
15:0:50,460,1,2022,1,2020,0,2023,1,2024,1
15:1:35,461,1,2025,1,2026,1,2028,1,2029,1,2030,1
15:5:49,462463464,1,2031,1,2032,0,2034,1
15:6:12,465,1,2035,1,2033,0,2036,1,2038,1
15:6:41,466,1,2039,1,2042,1,2043,1
15:7:30,467,1,2044,0,2041,0,2045,1,2051,1
15:8:2,468,1,2052,0,2047,0,2053,0,2054,1,2056,1
15:8:14,469,1,2057,1,2055,0,2058,1,2046,0
15:8:59,470,1,2062,1,2064,1,2066,1
15:9:19,471,1,2067,1,2060,0,2068,1,2059,0,2069,1
15:10:10,472,0,2070,0,2071,1,2072,1,2073,1,2075,1,too many parts (OK=4, NG=2)
15:10:15,473,1,2076,1,2074,0,2077,0
15:10:43,474,1,2078,1,2040,0,2079,1,2037,0,2082,0
15:11:11,475,1,2083,0,2081,1,2087,1
15:11:37,476,1,2088,0,2080,1,2089,1,2090,1,2091,1
15:11:52,477,1,2092,1,2093,1,2094,1
15:12:14,478,1,2095,1,2086,0,2096,1,2085,0,2097,1
15:13:7,479,1,2098,1,2101,1,2104,1
15:15:6,480481,1,2105,1,2106,1,2107,0,2108,0
15:15:36,482,1,2109,0,2110,1,2111,1,2112,1,2113,0
15:15:59,483,1,2114,1,2115,1,2117,0
15:16:22,484,1,2119,1,2116,1,2121,1
15:16:47,485,1,2122,1,2120,0,2125,1
15:17:15,486,1,2126,1,2124,0,2129,0,2123,0
15:18:5,487,1,2130,0,2128,1,2131,1,2127,1,2138,0
15:18:36,488,1,2139,1,2137,1,2143,0
15:18:47,489,1,2144,0,2142,1,2145,1
15:19:4,490,1,2146,1,2141,1,2148,1
15:19:31,491,1,2150,1,2140,1,2151,1,2136,1,2152,1
15:20:1,492,1,2153,0,2135,1,2157,1,2134,1
15:20:15,493,1,2158,0,2133,1,2159,1,2132,1
15:20:24,494,1,2160,1,2154,0,2161,1
15:21:29,495,0,2163,1,2164,1,2167,1,2169,1,2170,1,too few parts (OK=4, NG=0)
15:22:2,496,1,2171,0,2176,1,2177,1
15:22:12,497,1,2178,1,2162,0,2179,1
15:23:5,498,1,2180,1,2149,0,2181,0,2147,0,2188,1
15:23:23,499,1,2189,0,2184,0,2190,1,2191,1
15:23:40,500,1,2192,0,2183,0,2193,0,2194,1
15:23:53,501,1,2195,1,2182,0,2196,1
15:24:25,502,0,2197,1,2118,0,2198,0,2200,0,right amount, wrong parts (OK=2, NG=2)
15:25:5,503,1,2201,0,2199,1,2202,0,2208,0
15:25:22,504,1,2209,1,2207,1,2210,1,2206,1,2211,1
15:25:36,505,1,2212,0,2205,1,2213,1
15:26:17,506,0,2214,0,2204,1,2215,1,2203,1,2219,0,right amount, wrong parts (OK=4, NG=1)
15:26:29,507,1,2220,1,2218,1,2221,1,2222,0
15:26:40,508,1,2223,0,2217,1,2224,1
15:26:53,509,1,2225,1,2216,1,2226,0
15:27:29,510,1,2228,1,2231,1,2232,1
15:28:18,511,1,2233,0,2234,1,2236,1,2237,1,2240,1
15:28:40,512,1,2241,0,2235,0,2244,1
15:29:4,513,1,2245,1,2242,0,2248,1
15:29:42,514,1,2249,1,2246,0,2250,0,2251,1,2253,1
15:30:6,515,1,2254,1,2252,0,2255,1,2257,1,2258,1
15:30:23,516,1,2259,0,2260,1,2261,1
15:31:12,517,1,2262,0,2267,1,2268,1,2269,1
15:31:34,518,1,2270,1,2271,1,2273,1
15:31:58,519,1,2274,1,2256,0,2277,0
15:32:18,520,0,2278,1,2276,1,2279,0,2275,1,right amount, wrong parts (OK=4, NG=0)
15:32:34,521,1,2280,1,2230,0,2282,1,2283,1
15:32:59,522,1,2284,0,2281,0,2286,1,2287,1
15:33:28,523,0,2289,0,2285,0,2291,0,right amount, wrong parts (OK=1, NG=2)
15:33:43,524,0,2292,1,2290,1,2293,1,2229,0,right amount, wrong parts (OK=4, NG=0)
15:33:49,525,1,2294,1,1,1,2295,0,2227,0
15:34:4,526,1,2296,1,2297,1,2298,1
15:34:38,527,1,2299,1,2300,1,2301,1,2302,0,2303,0
15:34:58,528,1,2304,1,2305,0,2306,1,2307,0
15:35:41,529,1,2308,1,2310,0,2311,0,2313,0,2314,0
15:36:34,530,1,2315,1,2312,1,2316,1,2317,0,2323,0
15:37:11,531,1,2324,0,2322,1,2325,1,2321,1,2329,0
15:37:29,532,1,2330,0,2328,1,2331,1,2327,1,2332,1
15:37:47,533,1,2333,1,2326,1,2334,1,2320,1,2335,1
15:38:45,534,1,2336,1,2319,1,2337,0,2345,0
15:39:2,535,1,2346,1,2344,1,2347,0,2343,1
15:39:55,536,1,2348,1,2352,0,2355,0,2356,0
15:40:22,537,1,2359,1,2351,1,2361,1
15:40:39,538,1,2362,1,2350,1,2363,1,2360,0
15:40:54,539,1,0,0,2349,1,2366,0
15:41:9,540,1,2367,0,2365,1,2368,1,2358,0
15:41:35,541,1,2369,1,2342,1,2373,0
15:41:57,542,1,2374,0,2372,1,2376,1,2371,1
15:42:22,543,1,2377,1,2370,1,2378,1,2341,1,2381,0
15:42:41,544,1,2382,1,2380,1,2383,0,2379,1,2384,1
15:42:56,545,1,1,1,2340,1,2386,1,2375,0
15:43:4,546,1,2387,0,2339,1,2388,0
15:43:30,547,1,2389,1,2338,1,2390,1,2357,0,2392,0
15:44:9,548,1,2393,1,2391,1,2395,0,2398,0,2399,0
15:44:28,549,1,2400,1,2397,1,2402,0
15:44:58,550,1,2403,0,2401,1,2406,1,2396,1
15:45:13,551,1,2407,1,2394,1,2409,1,2318,1
15:45:38,552,1,2410,1,2309,1,2411,1,2408,0,2412,0
15:48:47,553554,1,2413,0,2415,1,2419,1,2420,1,2421,1
15:49:4,555,1,2422,1,2418,0,2424,1
15:49:49,556,1,2425,0,2423,0,2426,1,2430,1,2431,1
15:50:22,557,1,2432,0,2435,1,2436,1
15:50:34,558,1,2437,1,2427,0,2439,1
15:50:53,559,0,2440,1,2438,0,2441,1,right amount, wrong parts (OK=3, NG=0)
15:51:11,560,1,2442,0,2417,0,2444,1,2445,1
15:51:55,561,0,2447,1,2448,1,2451,1,too many parts (OK=3, NG=1)
15:52:19,562,1,2452,0,2453,1,2454,1,2455,1,2456,1
15:52:48,563,1,2457,0,2459,1,2460,1,2461,1
15:53:0,564,1,2462,0,2446,0,2463,1
15:53:24,565,1,2464,1,2443,0,2465,1,2467,1
15:53:47,566,1,2468,1,2469,1,2470,1,2471,1
15:54:57,567,1,2472,1,2475,1,2478,1,2479,1
15:55:36,568,1,2480,0,2482,1,2485,1,2486,1
15:56:5,569,1,2488,1,2489,1,2491,1
15:56:37,570,1,2492,0,2493,1,2494,1,2496,1
15:57:1,571,1,2497,1,2498,1,2500,1
15:57:24,572,1,2501,1,2503,1,2504,1
15:57:44,573,1,2505,0,2473,0,2506,0,2507,1
15:58:6,574,1,2508,1,2466,0,2511,1
15:58:30,575,1,2512,1,2513,1,2515,1
15:59:7,576,1,2516,1,2510,0,2518,1,2519,1,2521,1
15:59:32,577,1,2522,1,2517,0,2523,0,2524,1,2525,1
15:59:50,578,1,2526,0,2527,1,2528,1
16:0:13,579,1,2529,0,2531,1,2532,1
16:1:0,580,1,2533,1,2535,1,2536,1,2538,1
16:1:23,581,1,2539,1,2530,0,2540,0,2541,1,2542,1
16:1:40,582,1,2543,0,2509,0,2544,1,2416,0,2545,1
16:1:55,583,1,2546,0,2547,1,2548,1
16:2:21,584,1,512,1,2414,0,2549,0,2551,1,2552,1
16:5:23,585586587,1,2554,1,2555,1,2556,0,2557,1
16:5:45,588,1,2558,1,2559,1,2561,1
16:6:2,589,1,2562,1,2560,0,2564,1
16:6:25,590,1,2565,1,2566,1,2568,1
16:6:38,591,1,2569,1,2567,0,2570,1
16:7:18,592,1,2571,0,2563,0,2572,1,2573,1,2575,1
16:9:22,593594,1,2576,0,2577,1,2578,1
16:9:45,595,1,2579,1,2580,0,2581,1
16:10:24,596,1,2582,1,2583,0,2586,1,2587,1,2588,1
16:10:41,597,1,2589,0,2585,0,2590,1,2591,1
16:12:16,598,1,2592,1,2594,1,2596,1
16:12:55,599,1,2597,1,2598,1,2600,1,2601,1,2603,1
16:13:8,600,1,2604,1,2602,0,2560,0
16:15:39,601602,1,2607,0,2608,1,2609,1,2612,1,2613,1
16:16:27,603,1,2615,1,2616,1,2618,1,2619,1,2621,1
16:16:58,604,1,2622,0,2617,0,2623,1,2624,1
16:19:36,605606,1,2626,1,2627,1,2629,1,2631,1
16:21:58,607608,1,2632,1,2633,0,2634,1,2635,1,2636,0
16:22:32,609,1,2637,1,2639,0,2642,0
16:23:15,610,1,512,1,2641,1,2643,1,2645,0,2649,0
16:23:37,611,1,2650,1,2648,1,2651,0,2647,1,2652,1
16:24:47,612,1,2653,1,2646,1,2654,0,2657,0
16:31:45,615,1,2658,1,2660,0,2663,0
16:32:2,616,1,2664,0,2662,1,2665,1,2661,1,2666,1
16:32:32,617,1,2667,0,2659,1,2668,1,2671,0
16:32:54,618,1,2672,1,2670,1,2673,1,2669,1,2675,1
16:33:30,619,1,2676,1,2674,0,2678,1,2679,1,2681,1
16:33:54,620,1,2683,0,2680,0,2685,0
16:34:17,621,1,2686,0,2684,1,2689,0
16:34:41,622,1,2690,1,2688,1,2692,1,2687,1,2693,1
16:35:0,623,1,2694,1,2682,1,2696,1
16:35:43,624,1,2697,1,2560,1,2699,1,2702,1,2703,1
16:35:54,625,1,2704,0,2698,0,2705,1
16:36:24,626,1,2706,0,2695,0,2707,1,2708,1,2710,1
16:37:7,627,1,2711,1,2709,0,2714,1,2715,1,2717,1
16:37:21,628,1,2718,1,2713,0,2719,0,2720,1
16:42:28,629,1,2721,1,2712,0,2723,1,2724,1
16:43:3,630,1,2727,1,2728,1,2730,1
16:43:21,631,1,2731,1,2729,0,2732,0,2733,1
16:44:28,632,1,2734,1,2726,0,2737,1,2738,1
16:47:13,633634,0,2739,0,2740,1,2742,0,2744,0,right amount, wrong parts (OK=2, NG=2)
16:47:30,635,1,2746,1,2743,1,2747,1,2741,1
16:47:57,636,1,2748,0,2745,0,2749,1,2752,0
16:48:10,637,1,2753,1,2751,1,2754,1,2750,1
16:48:37,638,1,2755,1,2756,0,2757,1,2758,1
16:49:1,639,1,2759,0,2760,1,2762,0
16:49:18,640,1,2763,1,2761,1,2764,1,2765,0
16:49:49,641,1,2766,0,2767,1,2768,1,2769,0,2770,1
16:50:24,642,1,2772,1,2773,1,2775,1,2776,1
16:50:44,643,1,2777,0,2774,0,2778,1,2771,0,2779,0
16:51:0,644,1,2780,1,2781,1,2782,0
16:51:18,645,1,2783,0,2784,1,2785,1
16:52:7,646,1,2786,1,2787,0,2789,0,2791,0,2793,0
16:52:50,647,1,2794,1,2796,0,2799,0,2800,0
16:53:35,648,1,2801,1,2802,0,2805,0,2806,0
16:53:40,649,1,2807,1,2804,1,2808,1
16:54:21,650,1,2809,0,2803,1,2812,0,2815,0
16:54:43,651,1,2816,1,2814,1,2818,1,2813,1
16:55:4,652,1,2819,0,2811,1,2820,1,2817,0,2822,0
16:55:21,653,1,2823,1,2821,1,2825,0
16:55:51,654,1,2826,1,2824,1,2828,0,2830,0
16:56:45,655,1,2831,1,2829,1,2833,0,2835,0,2839,0
16:57:2,656,1,2840,1,2834,1,2842,0
16:57:41,657,1,2843,1,2841,1,2845,0,2848,0
16:57:57,658,1,2849,1,2844,1,2850,1,2851,0
16:58:11,659,1,2852,1,2832,1,2853,1,2827,1
16:59:4,660,1,2854,0,2855,0,2859,0,2862,0
16:59:33,661,1,2863,0,2858,1,2864,1,2867,0
16:59:45,662,1,2868,0,2865,1,2869,1
17:0:14,663,1,2870,0,2857,1,2873,0
17:1:8,664,1,2874,1,2877,0,2878,0,2881,0,2882,0
17:1:40,665,1,2883,1,2872,1,2884,0,2885,0,2888,0
17:1:57,666,1,2889,1,2886,1,2890,1,2871,1,2891,0
17:2:48,667,1,2892,1,2856,1,2894,0,2897,0,2899,0
17:3:3,668,1,2900,1,2896,1,2902,0
17:3:17,669,1,2903,0,2901,1,2904,1,2895,1
17:3:26,670,1,2905,1,2893,1,2906,0
17:3:44,671,1,2907,1,2810,1,2909,0
17:4:10,672,1,2910,1,2908,1,2911,1,2798,1,2913,1
17:4:26,673,1,2914,0,2797,1,2915,1,2795,1
17:4:44,674,1,2916,0,2792,1,2917,1,2790,1,2919,1
17:5:2,675,1,2920,1,2788,1,2922,1
17:5:45,676,1,2923,0,2925,1,2926,1,2928,1,2929,1
17:6:32,677,1,2930,0,2924,0,2931,1,2933,1,2936,1
17:7:38,678,1,2937,0,2932,0,2938,1,2939,1,2941,1
17:7:51,679,1,2942,1,2940,0,2943,1,2921,0
17:8:18,680,1,2944,0,2918,0,2945,1,2946,1,2948,1
17:8:42,681,1,2949,1,2947,0,2950,0,2951,1,2952,1
17:9:11,682,1,2953,0,2954,1,2956,1,2957,1
17:9:42,683,1,2958,0,2955,0,2959,1,2960,1,2962,1
17:9:59,684,1,2963,1,2961,0,2965,1
17:10:12,685,1,2966,1,2964,0,2967,0
17:11:7,686,1,2968,1,2912,0,2970,0,2973,0,2976,0
17:11:30,687,1,2977,1,2975,1,2978,1,2980,0
17:11:47,688,1,2981,1,2979,1,2983,0
17:12:4,689,1,2984,1,2982,1,2985,1
17:12:12,690,1,2986,0,2974,1,2987,0
17:12:55,691,1,2988,1,2972,1,2990,0,2993,0,2994,0
17:13:15,692,1,2995,1,2992,1,2996,1,2991,1,2997,0
17:13:29,693,1,2998,1,2989,1,3000,0
17:14:19,694,0,3001,1,2999,1,3002,0,2971,1,3004,1,right amount, wrong parts (OK=5, NG=0)
17:14:22,695,1,3005,1,2969,1,3007,1
17:14:49,696,1,3008,1,3010,1,3012,1,3013,1
17:15:17,697,1,3014,0,3015,1,3016,1,3018,1
17:16:37,698,1,3019,1,3011,0,3021,1
17:16:49,699,1,3022,1,3020,0,3023,0,3009,0,3026,0
17:17:1,700,1,3027,1,3025,1,3028,0,3006,0
17:17:18,701,1,3029,1,3024,1,3030,1,3003,0,3031,0
17:17:34,702,1,3032,1,3033,0,3034,1
17:18:0,703,1,3035,1,3036,0,3037,1,3038,0
17:18:44,704,1,3039,1,3040,1,3042,1,3043,1,3045,1
17:19:0,705,1,3046,1,3044,0,3048,1
17:19:32,706,1,3049,1,3051,1,3053,1
17:19:52,707,1,3054,1,3052,0,3055,0,3057,1
17:20:31,708,1,3058,1,3056,0,3060,1,3061,1,3063,1
17:21:0,709,1,3064,1,3059,0,3066,1,3068,1
17:21:17,710,1,3069,0,3065,0,3070,1,3071,1
17:21:47,711,1,3072,0,3073,1,3074,1,3076,1
17:22:37,712,1,3077,1,3080,1,3081,1,3082,1,3084,1
17:23:59,713,1,3085,1,3087,1,3089,1,3090,1,3092,1
17:24:24,714,1,3093,1,3075,0,3095,1,3096,1
17:24:48,715,1,3097,0,3098,1,3099,1,3100,1
17:24:59,716,1,3101,1,3094,0,3102,1
17:25:29,717,1,3104,1,3105,1,3107,1
17:26:3,718,1,3108,1,3110,1,3111,1,3113,1
17:26:34,719,1,3114,1,3116,1,3118,1
17:26:58,720,1,3119,1,3103,0,3121,1,3122,1
17:27:12,721,1,3123,0,3120,0,3124,1
17:27:30,722,1,3125,1,3050,0,3126,0,3127,1
17:28:6,723,1,3128,1,3129,1,3131,1,3133,1
17:28:35,724,1,3134,1,3132,0,3135,0
17:28:40,725,1,3136,1,3130,0,3137,1
17:28:51,726,1,3138,0,3047,0,3141,0
17:29:4,727,1,3142,1,3140,1,3143,1
17:29:19,728,1,3144,1,3139,1,3145,0,3041,0
17:29:35,729,1,3146,1,3147,1,3148,0
17:30:11,730,1,3149,1,3150,1,3151,1,3152,0,3154,1
17:30:37,731,1,3155,0,3157,1,3158,1
17:31:5,732,1,3159,0,3160,1,3161,1,3163,1
17:31:49,733,0,3164,0,3166,1,3167,1,3169,1,right amount, wrong parts (OK=4, NG=0)
17:33:0,734,0,3170,1,3165,0,3171,0,3172,1,too few parts (OK=2, NG=1)
17:33:7,735,0,3173,0,3162,0,3176,0,too many parts (OK=0, NG=4)
17:33:17,736,1,3177,1,3175,1,3178,1,3156,0
17:33:34,737,0,3179,0,3174,1,3180,1,3153,0,right amount, wrong parts (OK=3, NG=1)
17:33:48,738,1,3181,1,3182,0,3184,1,3185,1
17:33:56,739,1,3186,0,3183,0,3187,1
17:34:32,740,1,3188,1,3189,0,3190,1,3191,1,3192,0
17:35:11,741,1,3193,1,3196,1,3197,1,3199,1,3200,1
17:35:33,742,1,3201,0,3198,0,3202,1,3195,0,3203,1
17:36:4,743,1,3204,0,3194,0,3205,1,3207,1,3208,1
17:36:31,744,1,3210,1,3211,1,3213,1
17:36:49,745,1,3214,0,3215,1,3216,1
17:37:54,746,1,3218,1,3219,1,3221,1,3222,1,3224,1
17:38:13,747,1,1,1,3217,0,3226,0,3212,0
17:38:42,748,1,3227,1,3228,1,3229,1,3232,1
17:39:7,749,1,3233,1,3235,1,3236,1
17:39:37,750,1,3237,1,3239,1,3240,1,3241,1
17:40:24,751,1,3243,1,3244,1,3246,1,3247,1,3249,1
17:40:43,752,1,3250,1,3231,0,3252,1
17:40:59,753,1,3253,0,3254,1,3255,1
17:41:39,754,1,3256,0,3257,1,3258,1,3261,1
17:41:53,755,1,3262,1,3251,0,3264,1
17:42:30,756,1,3265,0,3266,1,3267,1,3269,1,3270,1
17:43:8,757,1,3271,0,3272,1,3273,1,3275,1,3276,1
17:43:31,758,1,3277,1,3263,0,3278,0,3230,0,3280,1
17:43:42,759,1,3281,1,3279,0,3282,0
17:44:16,760,1,3284,1,3285,1,3288,1
17:44:48,761,1,3289,1,3286,0,3291,1,3293,1
17:45:19,762,1,3294,1,3290,0,3295,1,3283,0,3298,1
17:45:48,763,1,3299,1,3300,1,3303,1
17:46:31,764,1,3304,1,3297,0,3306,1,3307,1,3310,1
17:46:59,765,1,3311,1,3312,1,3314,1,3315,1
17:47:36,766,1,3316,0,3317,1,3318,1,3320,1,3321,1
17:48:7,767,1,3322,0,3305,0,3323,1,3324,1,3326,1
17:48:50,768,1,3327,0,3328,1,3329,1,3332,1,3333,1
17:49:5,769,1,3334,0,3325,0,3335,1,3336,1
17:49:34,770,1,3337,0,3339,1,3340,1,3341,1
17:49:58,771,1,3342,1,3338,0,3343,0,3344,1,3345,1
17:50:11,772,1,3346,0,3296,0,3347,1
17:50:28,773,1,3348,1,3209,0,3350,1
17:50:51,774,1,3351,1,3353,1,3354,1
17:51:5,775,1,3355,0,3352,0,3356,1
17:51:34,776,1,3357,1,3358,1,3360,1,3361,1
17:52:13,777,1,3362,0,3364,1,3365,1
17:52:47,778,1,3366,0,3363,0,3367,1,3368,1,3370,1
17:52:59,779,1,3371,1,3369,0,3372,0
17:53:35,780,1,3373,1,3374,1,3375,1,3377,1
17:53:42,781,1,3378,1,3376,0,3379,0
17:54:0,782,1,3380,1,3359,0,3381,1,3349,0,3382,0
17:54:29,783,1,3383,1,3206,0,3384,1,3385,0
17:54:49,784,1,3386,1,3388,1,3390,1
17:55:32,785,1,3391,1,3393,1,3394,1,3396,1
17:56:1,786,1,3397,1,3399,1,3400,1
17:57:3,787,1,3401,0,3395,0,3402,1,3403,1,3405,1